<?xml version="1.0" encoding="UTF-8"?>
<extentreports>
  <configuration>
    <!-- report theme --> <!-- standard, dark -->
    <theme>standard</theme>
  
    <!-- document encoding -->  <!-- defaults to UTF-8 -->
    <encoding>UTF-8</encoding>
    
    <!-- protocol for script and stylesheets -->   <!-- defaults to https -->
    <protocol>https</protocol>
    
    <!-- title of the document -->
    <!--<documentTitle>Report - Wireless Bed</documentTitle>  -->
    <documentTitle>Extent Report - Cucumber</documentTitle>
    
    <!-- report name - displayed at top-nav -->
    <!-- <reportName>Device Manager Report</reportName> -->
    
    <reportName>
		 <![CDATA[
                <img src='C:\Users\Administrator\Pictures\Logo.png' />
            ]]>
		</reportName>
    
    <!-- global date format override -->  <!-- defaults to yyyy-MM-dd -->
    <dateFormat>yyyy-MM-dd</dateFormat>
    
    <!-- global time format override -->   <!-- defaults to HH:mm:ss -->
    <timeFormat>HH:mm:ss</timeFormat>
    
    <testViewChartLocation>bottom</testViewChartLocation>
    
    <enableCategoryView>true</enableCategoryView>
    <enableAuthorView>false</enableAuthorView>
    <enableExceptionView>true</enableExceptionView>
    <enableTestRunnerLogsView>true</enableTestRunnerLogsView>
    
    <!-- custom javascript -->
    <scripts>
      <![CDATA[
        $(document).ready(function() {
        	$('#parentWithoutNodes').prop("checked", true).click();
            $('#test-count-setting > div.modal-footer > a')[0].click();
        });
      ]]>
    </scripts>
    
    <!-- custom styles -->
    <styles>
      <![CDATA[
        .report-name { padding-left: 20px; } .report-name > img { float: left;height: 90%;margin-left: 30px;margin-top: 2px;width: auto; }
      ]]>
    </styles>
  </configuration>
</extentreports>